-5.562184675878607820e-02,-1.737377311827137697e-03,7.621112747476878335e-03
-5.562184675878607820e-02,-1.737377311827137697e-03,7.621112747476878335e-03
-5.562184675878607820e-02,-1.737377311827137697e-03,7.621112747476878335e-03
-5.562184675878607820e-02,-1.737377311827137697e-03,7.621112747476878335e-03
-5.562184675878607820e-02,-1.737377311827137697e-03,7.621112747476878335e-03
-5.562184675878607820e-02,-1.737377311827137697e-03,7.621112747476878335e-03
-5.562184675878607820e-02,-1.737377311827137697e-03,7.621112747476878335e-03
-5.562184675878607820e-02,-1.737377311827137697e-03,7.621112747476878335e-03
-6.821503373560865169e-02,-1.564857069975134421e-02,4.153061617944428519e-02
-6.821503373560865169e-02,-1.564857069975134421e-02,4.153061617944428519e-02
-6.821503373560865169e-02,-1.564857069975134421e-02,4.153061617944428519e-02
-6.821503373560865169e-02,-1.564857069975134421e-02,4.153061617944428519e-02
-6.821503373560865169e-02,-1.564857069975134421e-02,4.153061617944428519e-02
-6.821503373560865169e-02,-1.564857069975134421e-02,4.153061617944428519e-02
-6.821503373560865169e-02,-1.564857069975134421e-02,4.153061617944428519e-02
-6.821503373560865169e-02,-1.564857069975134421e-02,4.153061617944428519e-02
-6.821503373560865169e-02,-1.564857069975134421e-02,4.153061617944428519e-02
-6.821503373560865169e-02,-1.564857069975134421e-02,4.153061617944428519e-02
-6.821503373560865169e-02,-1.564857069975134421e-02,4.153061617944428519e-02
-6.821503373560865169e-02,-1.564857069975134421e-02,4.153061617944428519e-02
-6.821503373560865169e-02,-1.564857069975134421e-02,4.153061617944428519e-02
-6.821503373560865169e-02,-1.564857069975134421e-02,4.153061617944428519e-02
-6.821503373560865169e-02,-1.564857069975134421e-02,4.153061617944428519e-02
-7.745820966356208037e-02,-2.997301135428736413e-02,5.719992775806926472e-02
-7.745820966356208037e-02,-2.997301135428736413e-02,5.719992775806926472e-02
-7.745820966356208037e-02,-2.997301135428736413e-02,5.719992775806926472e-02
-7.745820966356208037e-02,-2.997301135428736413e-02,5.719992775806926472e-02
-7.745820966356208037e-02,-2.997301135428736413e-02,5.719992775806926472e-02
-7.745820966356208037e-02,-2.997301135428736413e-02,5.719992775806926472e-02
-7.745820966356208037e-02,-2.997301135428736413e-02,5.719992775806926472e-02
-7.745820966356208037e-02,-2.997301135428736413e-02,5.719992775806926472e-02
-7.745820966356208037e-02,-2.997301135428736413e-02,5.719992775806926472e-02
-7.745820966356208037e-02,-2.997301135428736413e-02,5.719992775806926472e-02
-7.745820966356208037e-02,-2.997301135428736413e-02,5.719992775806926472e-02
-7.745820966356208037e-02,-2.997301135428736413e-02,5.719992775806926472e-02
-7.745820966356208037e-02,-2.997301135428736413e-02,5.719992775806926472e-02
-7.745820966356208037e-02,-2.997301135428736413e-02,5.719992775806926472e-02
-8.421546182643223355e-02,-1.607967142188792067e-02,7.831274735105436813e-02
-8.421546182643223355e-02,-1.607967142188792067e-02,7.831274735105436813e-02
-8.421546182643223355e-02,-1.607967142188792067e-02,7.831274735105436813e-02
-8.421546182643223355e-02,-1.607967142188792067e-02,7.831274735105436813e-02
-8.421546182643223355e-02,-1.607967142188792067e-02,7.831274735105436813e-02
-8.421546182643223355e-02,-1.607967142188792067e-02,7.831274735105436813e-02
-8.421546182643223355e-02,-1.607967142188792067e-02,7.831274735105436813e-02
-8.421546182643223355e-02,-1.607967142188792067e-02,7.831274735105436813e-02
-8.421546182643223355e-02,-1.607967142188792067e-02,7.831274735105436813e-02
-8.421546182643223355e-02,-1.607967142188792067e-02,7.831274735105436813e-02
-8.421546182643223355e-02,-1.607967142188792067e-02,7.831274735105436813e-02
-8.421546182643223355e-02,-1.607967142188792067e-02,7.831274735105436813e-02
-8.421546182643223355e-02,-1.607967142188792067e-02,7.831274735105436813e-02
-8.421546182643223355e-02,-1.607967142188792067e-02,7.831274735105436813e-02
-4.995939220472742776e-02,-8.591142941046412199e-03,1.290969299692645011e-01
-4.995939220472742776e-02,-8.591142941046412199e-03,1.290969299692645011e-01
-4.995939220472742776e-02,-8.591142941046412199e-03,1.290969299692645011e-01
-4.995939220472742776e-02,-8.591142941046412199e-03,1.290969299692645011e-01
-4.995939220472742776e-02,-8.591142941046412199e-03,1.290969299692645011e-01
-4.995939220472742776e-02,-8.591142941046412199e-03,1.290969299692645011e-01
-4.995939220472742776e-02,-8.591142941046412199e-03,1.290969299692645011e-01
-4.995939220472742776e-02,-8.591142941046412199e-03,1.290969299692645011e-01
-4.995939220472742776e-02,-8.591142941046412199e-03,1.290969299692645011e-01
-4.995939220472742776e-02,-8.591142941046412199e-03,1.290969299692645011e-01
-4.995939220472742776e-02,-8.591142941046412199e-03,1.290969299692645011e-01
-4.995939220472742776e-02,-8.591142941046412199e-03,1.290969299692645011e-01
3.327423870329419830e-02,8.309792681886574855e-03,2.003562702771765625e-01
3.327423870329419830e-02,8.309792681886574855e-03,2.003562702771765625e-01
3.327423870329419830e-02,8.309792681886574855e-03,2.003562702771765625e-01
3.327423870329419830e-02,8.309792681886574855e-03,2.003562702771765625e-01
3.327423870329419830e-02,8.309792681886574855e-03,2.003562702771765625e-01
3.327423870329419830e-02,8.309792681886574855e-03,2.003562702771765625e-01
3.327423870329419830e-02,8.309792681886574855e-03,2.003562702771765625e-01
3.327423870329419830e-02,8.309792681886574855e-03,2.003562702771765625e-01
3.327423870329419830e-02,8.309792681886574855e-03,2.003562702771765625e-01
3.327423870329419830e-02,8.309792681886574855e-03,2.003562702771765625e-01
3.327423870329419830e-02,8.309792681886574855e-03,2.003562702771765625e-01
3.327423870329419830e-02,8.309792681886574855e-03,2.003562702771765625e-01
3.327423870329419830e-02,8.309792681886574855e-03,2.003562702771765625e-01
3.327423870329419830e-02,8.309792681886574855e-03,2.003562702771765625e-01
8.186691246447322379e-02,1.341310922060208813e-02,2.548606702259088586e-01
8.186691246447322379e-02,1.341310922060208813e-02,2.548606702259088586e-01
8.186691246447322379e-02,1.341310922060208813e-02,2.548606702259088586e-01
8.186691246447322379e-02,1.341310922060208813e-02,2.548606702259088586e-01
8.186691246447322379e-02,1.341310922060208813e-02,2.548606702259088586e-01
8.186691246447322379e-02,1.341310922060208813e-02,2.548606702259088586e-01
8.186691246447322379e-02,1.341310922060208813e-02,2.548606702259088586e-01
8.186691246447322379e-02,1.341310922060208813e-02,2.548606702259088586e-01
8.186691246447322379e-02,1.341310922060208813e-02,2.548606702259088586e-01
8.186691246447322379e-02,1.341310922060208813e-02,2.548606702259088586e-01
8.186691246447322379e-02,1.341310922060208813e-02,2.548606702259088586e-01
8.186691246447322379e-02,1.341310922060208813e-02,2.548606702259088586e-01
8.186691246447322379e-02,1.341310922060208813e-02,2.548606702259088586e-01
2.140578848293377134e-01,7.743642339120955509e-02,3.563723722291681217e-01
2.140578848293377134e-01,7.743642339120955509e-02,3.563723722291681217e-01
2.140578848293377134e-01,7.743642339120955509e-02,3.563723722291681217e-01
2.140578848293377134e-01,7.743642339120955509e-02,3.563723722291681217e-01
2.140578848293377134e-01,7.743642339120955509e-02,3.563723722291681217e-01
2.140578848293377134e-01,7.743642339120955509e-02,3.563723722291681217e-01
2.140578848293377134e-01,7.743642339120955509e-02,3.563723722291681217e-01
2.140578848293377134e-01,7.743642339120955509e-02,3.563723722291681217e-01
2.140578848293377134e-01,7.743642339120955509e-02,3.563723722291681217e-01
2.140578848293377134e-01,7.743642339120955509e-02,3.563723722291681217e-01
2.140578848293377134e-01,7.743642339120955509e-02,3.563723722291681217e-01
2.758071313048429674e-01,1.111995951936539939e-01,4.070435303555621775e-01
2.758071313048429674e-01,1.111995951936539939e-01,4.070435303555621775e-01
2.758071313048429674e-01,1.111995951936539939e-01,4.070435303555621775e-01
2.758071313048429674e-01,1.111995951936539939e-01,4.070435303555621775e-01
2.758071313048429674e-01,1.111995951936539939e-01,4.070435303555621775e-01
2.758071313048429674e-01,1.111995951936539939e-01,4.070435303555621775e-01
2.758071313048429674e-01,1.111995951936539939e-01,4.070435303555621775e-01
2.758071313048429674e-01,1.111995951936539939e-01,4.070435303555621775e-01
2.758071313048429674e-01,1.111995951936539939e-01,4.070435303555621775e-01
2.758071313048429674e-01,1.111995951936539939e-01,4.070435303555621775e-01
2.758071313048429674e-01,1.111995951936539939e-01,4.070435303555621775e-01
2.758071313048429674e-01,1.111995951936539939e-01,4.070435303555621775e-01
2.758071313048429674e-01,1.111995951936539939e-01,4.070435303555621775e-01
4.009189185166221470e-01,1.596145127374592465e-01,4.957789979773053468e-01
4.009189185166221470e-01,1.596145127374592465e-01,4.957789979773053468e-01
4.009189185166221470e-01,1.596145127374592465e-01,4.957789979773053468e-01
4.009189185166221470e-01,1.596145127374592465e-01,4.957789979773053468e-01
4.009189185166221470e-01,1.596145127374592465e-01,4.957789979773053468e-01
4.009189185166221470e-01,1.596145127374592465e-01,4.957789979773053468e-01
4.009189185166221470e-01,1.596145127374592465e-01,4.957789979773053468e-01
4.009189185166221470e-01,1.596145127374592465e-01,4.957789979773053468e-01
4.009189185166221470e-01,1.596145127374592465e-01,4.957789979773053468e-01
4.009189185166221470e-01,1.596145127374592465e-01,4.957789979773053468e-01
4.009189185166221470e-01,1.596145127374592465e-01,4.957789979773053468e-01
4.009189185166221470e-01,1.596145127374592465e-01,4.957789979773053468e-01
4.009189185166221470e-01,1.596145127374592465e-01,4.957789979773053468e-01
4.754947655207656387e-01,1.904140482923927236e-01,5.309727035668244666e-01
4.754947655207656387e-01,1.904140482923927236e-01,5.309727035668244666e-01
4.754947655207656387e-01,1.904140482923927236e-01,5.309727035668244666e-01
4.754947655207656387e-01,1.904140482923927236e-01,5.309727035668244666e-01
4.754947655207656387e-01,1.904140482923927236e-01,5.309727035668244666e-01
4.754947655207656387e-01,1.904140482923927236e-01,5.309727035668244666e-01
4.754947655207656387e-01,1.904140482923927236e-01,5.309727035668244666e-01
4.754947655207656387e-01,1.904140482923927236e-01,5.309727035668244666e-01
4.754947655207656387e-01,1.904140482923927236e-01,5.309727035668244666e-01
4.754947655207656387e-01,1.904140482923927236e-01,5.309727035668244666e-01
4.754947655207656387e-01,1.904140482923927236e-01,5.309727035668244666e-01
4.754947655207656387e-01,1.904140482923927236e-01,5.309727035668244666e-01
4.754947655207656387e-01,1.904140482923927236e-01,5.309727035668244666e-01
6.145927950319692856e-01,2.714480749433126339e-01,5.976566917663979073e-01
6.145927950319692856e-01,2.714480749433126339e-01,5.976566917663979073e-01
6.145927950319692856e-01,2.714480749433126339e-01,5.976566917663979073e-01
6.145927950319692856e-01,2.714480749433126339e-01,5.976566917663979073e-01
6.145927950319692856e-01,2.714480749433126339e-01,5.976566917663979073e-01
6.145927950319692856e-01,2.714480749433126339e-01,5.976566917663979073e-01
6.145927950319692856e-01,2.714480749433126339e-01,5.976566917663979073e-01
6.145927950319692856e-01,2.714480749433126339e-01,5.976566917663979073e-01
6.145927950319692856e-01,2.714480749433126339e-01,5.976566917663979073e-01
6.145927950319692856e-01,2.714480749433126339e-01,5.976566917663979073e-01
6.145927950319692856e-01,2.714480749433126339e-01,5.976566917663979073e-01
6.145927950319692856e-01,2.714480749433126339e-01,5.976566917663979073e-01
6.704330580479820334e-01,3.329141457824457140e-01,6.064207862137717120e-01
6.704330580479820334e-01,3.329141457824457140e-01,6.064207862137717120e-01
6.704330580479820334e-01,3.329141457824457140e-01,6.064207862137717120e-01
6.704330580479820334e-01,3.329141457824457140e-01,6.064207862137717120e-01
6.704330580479820334e-01,3.329141457824457140e-01,6.064207862137717120e-01
6.704330580479820334e-01,3.329141457824457140e-01,6.064207862137717120e-01
6.704330580479820334e-01,3.329141457824457140e-01,6.064207862137717120e-01
6.704330580479820334e-01,3.329141457824457140e-01,6.064207862137717120e-01
6.704330580479820334e-01,3.329141457824457140e-01,6.064207862137717120e-01
6.704330580479820334e-01,3.329141457824457140e-01,6.064207862137717120e-01
6.704330580479820334e-01,3.329141457824457140e-01,6.064207862137717120e-01
6.704330580479820334e-01,3.329141457824457140e-01,6.064207862137717120e-01
8.016264568443633998e-01,4.181298353633003950e-01,6.096103374086951909e-01
8.016264568443633998e-01,4.181298353633003950e-01,6.096103374086951909e-01
8.016264568443633998e-01,4.181298353633003950e-01,6.096103374086951909e-01
8.016264568443633998e-01,4.181298353633003950e-01,6.096103374086951909e-01
8.016264568443633998e-01,4.181298353633003950e-01,6.096103374086951909e-01
8.016264568443633998e-01,4.181298353633003950e-01,6.096103374086951909e-01
8.016264568443633998e-01,4.181298353633003950e-01,6.096103374086951909e-01
8.016264568443633998e-01,4.181298353633003950e-01,6.096103374086951909e-01
8.016264568443633998e-01,4.181298353633003950e-01,6.096103374086951909e-01
8.016264568443633998e-01,4.181298353633003950e-01,6.096103374086951909e-01
8.016264568443633998e-01,4.181298353633003950e-01,6.096103374086951909e-01
8.598050426781711497e-01,4.465726730833594615e-01,6.049948015624601050e-01
8.598050426781711497e-01,4.465726730833594615e-01,6.049948015624601050e-01
8.598050426781711497e-01,4.465726730833594615e-01,6.049948015624601050e-01
8.598050426781711497e-01,4.465726730833594615e-01,6.049948015624601050e-01
8.598050426781711497e-01,4.465726730833594615e-01,6.049948015624601050e-01
8.598050426781711497e-01,4.465726730833594615e-01,6.049948015624601050e-01
8.598050426781711497e-01,4.465726730833594615e-01,6.049948015624601050e-01
8.598050426781711497e-01,4.465726730833594615e-01,6.049948015624601050e-01
8.598050426781711497e-01,4.465726730833594615e-01,6.049948015624601050e-01
8.598050426781711497e-01,4.465726730833594615e-01,6.049948015624601050e-01
8.598050426781711497e-01,4.465726730833594615e-01,6.049948015624601050e-01
8.598050426781711497e-01,4.465726730833594615e-01,6.049948015624601050e-01
9.807203364978209770e-01,5.220692722564340693e-01,5.947486225026642481e-01
9.807203364978209770e-01,5.220692722564340693e-01,5.947486225026642481e-01
9.807203364978209770e-01,5.220692722564340693e-01,5.947486225026642481e-01
9.807203364978209770e-01,5.220692722564340693e-01,5.947486225026642481e-01
9.807203364978209770e-01,5.220692722564340693e-01,5.947486225026642481e-01
9.807203364978209770e-01,5.220692722564340693e-01,5.947486225026642481e-01
9.807203364978209770e-01,5.220692722564340693e-01,5.947486225026642481e-01
9.807203364978209770e-01,5.220692722564340693e-01,5.947486225026642481e-01
9.807203364978209770e-01,5.220692722564340693e-01,5.947486225026642481e-01
9.807203364978209770e-01,5.220692722564340693e-01,5.947486225026642481e-01
1.042673792993400461e+00,5.479430159410887402e-01,5.784148167726167467e-01
1.042673792993400461e+00,5.479430159410887402e-01,5.784148167726167467e-01
1.042673792993400461e+00,5.479430159410887402e-01,5.784148167726167467e-01
1.042673792993400461e+00,5.479430159410887402e-01,5.784148167726167467e-01
1.042673792993400461e+00,5.479430159410887402e-01,5.784148167726167467e-01
1.042673792993400461e+00,5.479430159410887402e-01,5.784148167726167467e-01
1.042673792993400461e+00,5.479430159410887402e-01,5.784148167726167467e-01
1.042673792993400461e+00,5.479430159410887402e-01,5.784148167726167467e-01
1.042673792993400461e+00,5.479430159410887402e-01,5.784148167726167467e-01
1.042673792993400461e+00,5.479430159410887402e-01,5.784148167726167467e-01
1.042673792993400461e+00,5.479430159410887402e-01,5.784148167726167467e-01
1.042673792993400461e+00,5.479430159410887402e-01,5.784148167726167467e-01
1.165536885266360789e+00,6.191789262770569513e-01,5.504797000400050155e-01
1.165536885266360789e+00,6.191789262770569513e-01,5.504797000400050155e-01
1.165536885266360789e+00,6.191789262770569513e-01,5.504797000400050155e-01
1.165536885266360789e+00,6.191789262770569513e-01,5.504797000400050155e-01
1.165536885266360789e+00,6.191789262770569513e-01,5.504797000400050155e-01
1.165536885266360789e+00,6.191789262770569513e-01,5.504797000400050155e-01
1.165536885266360789e+00,6.191789262770569513e-01,5.504797000400050155e-01
1.165536885266360789e+00,6.191789262770569513e-01,5.504797000400050155e-01
1.165536885266360789e+00,6.191789262770569513e-01,5.504797000400050155e-01
1.165536885266360789e+00,6.191789262770569513e-01,5.504797000400050155e-01
1.165536885266360789e+00,6.191789262770569513e-01,5.504797000400050155e-01
1.228147853077604434e+00,6.468344434120066877e-01,5.484899301722357956e-01
1.228147853077604434e+00,6.468344434120066877e-01,5.484899301722357956e-01
1.228147853077604434e+00,6.468344434120066877e-01,5.484899301722357956e-01
1.228147853077604434e+00,6.468344434120066877e-01,5.484899301722357956e-01
1.228147853077604434e+00,6.468344434120066877e-01,5.484899301722357956e-01
1.228147853077604434e+00,6.468344434120066877e-01,5.484899301722357956e-01
1.228147853077604434e+00,6.468344434120066877e-01,5.484899301722357956e-01
1.228147853077604434e+00,6.468344434120066877e-01,5.484899301722357956e-01
1.228147853077604434e+00,6.468344434120066877e-01,5.484899301722357956e-01
1.228147853077604434e+00,6.468344434120066877e-01,5.484899301722357956e-01
1.228147853077604434e+00,6.468344434120066877e-01,5.484899301722357956e-01
1.228147853077604434e+00,6.468344434120066877e-01,5.484899301722357956e-01
1.350224856212255409e+00,7.180315045705744081e-01,5.515113674010813094e-01
1.350224856212255409e+00,7.180315045705744081e-01,5.515113674010813094e-01
1.350224856212255409e+00,7.180315045705744081e-01,5.515113674010813094e-01
1.350224856212255409e+00,7.180315045705744081e-01,5.515113674010813094e-01
1.350224856212255409e+00,7.180315045705744081e-01,5.515113674010813094e-01
1.350224856212255409e+00,7.180315045705744081e-01,5.515113674010813094e-01
1.350224856212255409e+00,7.180315045705744081e-01,5.515113674010813094e-01
1.350224856212255409e+00,7.180315045705744081e-01,5.515113674010813094e-01
1.350224856212255409e+00,7.180315045705744081e-01,5.515113674010813094e-01
1.350224856212255409e+00,7.180315045705744081e-01,5.515113674010813094e-01
1.350224856212255409e+00,7.180315045705744081e-01,5.515113674010813094e-01
1.402669411419640522e+00,7.589706086186386313e-01,5.762960165347675856e-01
1.402669411419640522e+00,7.589706086186386313e-01,5.762960165347675856e-01
1.402669411419640522e+00,7.589706086186386313e-01,5.762960165347675856e-01
1.402669411419640522e+00,7.589706086186386313e-01,5.762960165347675856e-01
1.402669411419640522e+00,7.589706086186386313e-01,5.762960165347675856e-01
1.402669411419640522e+00,7.589706086186386313e-01,5.762960165347675856e-01
1.402669411419640522e+00,7.589706086186386313e-01,5.762960165347675856e-01
1.402669411419640522e+00,7.589706086186386313e-01,5.762960165347675856e-01
1.402669411419640522e+00,7.589706086186386313e-01,5.762960165347675856e-01
1.402669411419640522e+00,7.589706086186386313e-01,5.762960165347675856e-01
1.402669411419640522e+00,7.589706086186386313e-01,5.762960165347675856e-01
1.502822000672209946e+00,8.378651057247337164e-01,6.410185097297137480e-01
1.502822000672209946e+00,8.378651057247337164e-01,6.410185097297137480e-01
1.502822000672209946e+00,8.378651057247337164e-01,6.410185097297137480e-01
1.502822000672209946e+00,8.378651057247337164e-01,6.410185097297137480e-01
1.502822000672209946e+00,8.378651057247337164e-01,6.410185097297137480e-01
1.502822000672209946e+00,8.378651057247337164e-01,6.410185097297137480e-01
1.502822000672209946e+00,8.378651057247337164e-01,6.410185097297137480e-01
1.502822000672209946e+00,8.378651057247337164e-01,6.410185097297137480e-01
1.502822000672209946e+00,8.378651057247337164e-01,6.410185097297137480e-01
1.502822000672209946e+00,8.378651057247337164e-01,6.410185097297137480e-01
1.502822000672209946e+00,8.378651057247337164e-01,6.410185097297137480e-01
1.560573801920213111e+00,8.792021891886959706e-01,6.978953833422213426e-01
1.560573801920213111e+00,8.792021891886959706e-01,6.978953833422213426e-01
1.560573801920213111e+00,8.792021891886959706e-01,6.978953833422213426e-01
1.560573801920213111e+00,8.792021891886959706e-01,6.978953833422213426e-01
1.560573801920213111e+00,8.792021891886959706e-01,6.978953833422213426e-01
1.560573801920213111e+00,8.792021891886959706e-01,6.978953833422213426e-01
1.560573801920213111e+00,8.792021891886959706e-01,6.978953833422213426e-01
1.560573801920213111e+00,8.792021891886959706e-01,6.978953833422213426e-01
1.560573801920213111e+00,8.792021891886959706e-01,6.978953833422213426e-01
1.560573801920213111e+00,8.792021891886959706e-01,6.978953833422213426e-01
1.666465397873655441e+00,9.795420645470598320e-01,8.228571946070387666e-01
1.666465397873655441e+00,9.795420645470598320e-01,8.228571946070387666e-01
1.666465397873655441e+00,9.795420645470598320e-01,8.228571946070387666e-01
1.666465397873655441e+00,9.795420645470598320e-01,8.228571946070387666e-01
1.666465397873655441e+00,9.795420645470598320e-01,8.228571946070387666e-01
1.666465397873655441e+00,9.795420645470598320e-01,8.228571946070387666e-01
1.666465397873655441e+00,9.795420645470598320e-01,8.228571946070387666e-01
1.666465397873655441e+00,9.795420645470598320e-01,8.228571946070387666e-01
1.666465397873655441e+00,9.795420645470598320e-01,8.228571946070387666e-01
1.722423284771967822e+00,1.027619755486806286e+00,8.950581611555814554e-01
1.722423284771967822e+00,1.027619755486806286e+00,8.950581611555814554e-01
1.722423284771967822e+00,1.027619755486806286e+00,8.950581611555814554e-01
1.722423284771967822e+00,1.027619755486806286e+00,8.950581611555814554e-01
1.722423284771967822e+00,1.027619755486806286e+00,8.950581611555814554e-01
1.722423284771967822e+00,1.027619755486806286e+00,8.950581611555814554e-01
1.722423284771967822e+00,1.027619755486806286e+00,8.950581611555814554e-01
1.722423284771967822e+00,1.027619755486806286e+00,8.950581611555814554e-01
1.722423284771967822e+00,1.027619755486806286e+00,8.950581611555814554e-01
1.722423284771967822e+00,1.027619755486806286e+00,8.950581611555814554e-01
1.722423284771967822e+00,1.027619755486806286e+00,8.950581611555814554e-01
1.801559299380234291e+00,1.135866273962422346e+00,1.035631389419303883e+00
1.801559299380234291e+00,1.135866273962422346e+00,1.035631389419303883e+00
1.801559299380234291e+00,1.135866273962422346e+00,1.035631389419303883e+00
1.801559299380234291e+00,1.135866273962422346e+00,1.035631389419303883e+00
1.801559299380234291e+00,1.135866273962422346e+00,1.035631389419303883e+00
1.801559299380234291e+00,1.135866273962422346e+00,1.035631389419303883e+00
1.801559299380234291e+00,1.135866273962422346e+00,1.035631389419303883e+00
1.801559299380234291e+00,1.135866273962422346e+00,1.035631389419303883e+00
1.801559299380234291e+00,1.135866273962422346e+00,1.035631389419303883e+00
1.828761420551993755e+00,1.183300486788726014e+00,1.106420087404306418e+00
1.828761420551993755e+00,1.183300486788726014e+00,1.106420087404306418e+00
1.828761420551993755e+00,1.183300486788726014e+00,1.106420087404306418e+00
1.828761420551993755e+00,1.183300486788726014e+00,1.106420087404306418e+00
1.828761420551993755e+00,1.183300486788726014e+00,1.106420087404306418e+00
1.828761420551993755e+00,1.183300486788726014e+00,1.106420087404306418e+00
1.828761420551993755e+00,1.183300486788726014e+00,1.106420087404306418e+00
1.828761420551993755e+00,1.183300486788726014e+00,1.106420087404306418e+00
1.828761420551993755e+00,1.183300486788726014e+00,1.106420087404306418e+00
1.828761420551993755e+00,1.183300486788726014e+00,1.106420087404306418e+00
1.873552113334620683e+00,1.285374369336072853e+00,1.245870195820857784e+00
1.873552113334620683e+00,1.285374369336072853e+00,1.245870195820857784e+00
1.873552113334620683e+00,1.285374369336072853e+00,1.245870195820857784e+00
1.873552113334620683e+00,1.285374369336072853e+00,1.245870195820857784e+00
1.873552113334620683e+00,1.285374369336072853e+00,1.245870195820857784e+00
1.873552113334620683e+00,1.285374369336072853e+00,1.245870195820857784e+00
1.873552113334620683e+00,1.285374369336072853e+00,1.245870195820857784e+00
1.873552113334620683e+00,1.285374369336072853e+00,1.245870195820857784e+00
1.873552113334620683e+00,1.285374369336072853e+00,1.245870195820857784e+00
1.873552113334620683e+00,1.285374369336072853e+00,1.245870195820857784e+00
1.888954672096295750e+00,1.337716791426712737e+00,1.312612204122811876e+00
1.888954672096295750e+00,1.337716791426712737e+00,1.312612204122811876e+00
1.888954672096295750e+00,1.337716791426712737e+00,1.312612204122811876e+00
1.888954672096295750e+00,1.337716791426712737e+00,1.312612204122811876e+00
1.888954672096295750e+00,1.337716791426712737e+00,1.312612204122811876e+00
1.888954672096295750e+00,1.337716791426712737e+00,1.312612204122811876e+00
1.888954672096295750e+00,1.337716791426712737e+00,1.312612204122811876e+00
1.888954672096295750e+00,1.337716791426712737e+00,1.312612204122811876e+00
1.888954672096295750e+00,1.337716791426712737e+00,1.312612204122811876e+00
1.888954672096295750e+00,1.337716791426712737e+00,1.312612204122811876e+00
1.888954672096295750e+00,1.337716791426712737e+00,1.312612204122811876e+00
1.915751761333811087e+00,1.457226346434378872e+00,1.441303490206967464e+00
1.915751761333811087e+00,1.457226346434378872e+00,1.441303490206967464e+00
1.915751761333811087e+00,1.457226346434378872e+00,1.441303490206967464e+00
1.915751761333811087e+00,1.457226346434378872e+00,1.441303490206967464e+00
1.915751761333811087e+00,1.457226346434378872e+00,1.441303490206967464e+00
1.915751761333811087e+00,1.457226346434378872e+00,1.441303490206967464e+00
1.915751761333811087e+00,1.457226346434378872e+00,1.441303490206967464e+00
1.915751761333811087e+00,1.457226346434378872e+00,1.441303490206967464e+00
1.915751761333811087e+00,1.457226346434378872e+00,1.441303490206967464e+00
1.915751761333811087e+00,1.457226346434378872e+00,1.441303490206967464e+00
1.921318673234475805e+00,1.525138892076149055e+00,1.506364138843989675e+00
1.921318673234475805e+00,1.525138892076149055e+00,1.506364138843989675e+00
1.921318673234475805e+00,1.525138892076149055e+00,1.506364138843989675e+00
1.921318673234475805e+00,1.525138892076149055e+00,1.506364138843989675e+00
1.921318673234475805e+00,1.525138892076149055e+00,1.506364138843989675e+00
1.921318673234475805e+00,1.525138892076149055e+00,1.506364138843989675e+00
1.921318673234475805e+00,1.525138892076149055e+00,1.506364138843989675e+00
1.921318673234475805e+00,1.525138892076149055e+00,1.506364138843989675e+00
1.921318673234475805e+00,1.525138892076149055e+00,1.506364138843989675e+00
1.927351376571166286e+00,1.654195778560800800e+00,1.620090930613997449e+00
1.927351376571166286e+00,1.654195778560800800e+00,1.620090930613997449e+00
1.927351376571166286e+00,1.654195778560800800e+00,1.620090930613997449e+00
1.927351376571166286e+00,1.654195778560800800e+00,1.620090930613997449e+00
1.927351376571166286e+00,1.654195778560800800e+00,1.620090930613997449e+00
1.927351376571166286e+00,1.654195778560800800e+00,1.620090930613997449e+00
1.927351376571166286e+00,1.654195778560800800e+00,1.620090930613997449e+00
1.927351376571166286e+00,1.654195778560800800e+00,1.620090930613997449e+00
1.927351376571166286e+00,1.654195778560800800e+00,1.620090930613997449e+00
1.927351376571166286e+00,1.654195778560800800e+00,1.620090930613997449e+00
1.924063393295935676e+00,1.718525148626283139e+00,1.660985896057536992e+00
1.924063393295935676e+00,1.718525148626283139e+00,1.660985896057536992e+00
1.924063393295935676e+00,1.718525148626283139e+00,1.660985896057536992e+00
1.924063393295935676e+00,1.718525148626283139e+00,1.660985896057536992e+00
1.924063393295935676e+00,1.718525148626283139e+00,1.660985896057536992e+00
1.924063393295935676e+00,1.718525148626283139e+00,1.660985896057536992e+00
1.924063393295935676e+00,1.718525148626283139e+00,1.660985896057536992e+00
1.924063393295935676e+00,1.718525148626283139e+00,1.660985896057536992e+00
1.924063393295935676e+00,1.718525148626283139e+00,1.660985896057536992e+00
1.908669112897042552e+00,1.837564476407345326e+00,1.713809374611664049e+00
1.908669112897042552e+00,1.837564476407345326e+00,1.713809374611664049e+00
1.908669112897042552e+00,1.837564476407345326e+00,1.713809374611664049e+00
1.908669112897042552e+00,1.837564476407345326e+00,1.713809374611664049e+00
1.908669112897042552e+00,1.837564476407345326e+00,1.713809374611664049e+00
1.908669112897042552e+00,1.837564476407345326e+00,1.713809374611664049e+00
1.908669112897042552e+00,1.837564476407345326e+00,1.713809374611664049e+00
1.908669112897042552e+00,1.837564476407345326e+00,1.713809374611664049e+00
1.908669112897042552e+00,1.837564476407345326e+00,1.713809374611664049e+00
1.908669112897042552e+00,1.837564476407345326e+00,1.713809374611664049e+00
1.893026384042108656e+00,1.906817079857112462e+00,1.727491665564211631e+00
1.893026384042108656e+00,1.906817079857112462e+00,1.727491665564211631e+00
1.893026384042108656e+00,1.906817079857112462e+00,1.727491665564211631e+00
1.893026384042108656e+00,1.906817079857112462e+00,1.727491665564211631e+00
1.893026384042108656e+00,1.906817079857112462e+00,1.727491665564211631e+00
1.893026384042108656e+00,1.906817079857112462e+00,1.727491665564211631e+00
1.893026384042108656e+00,1.906817079857112462e+00,1.727491665564211631e+00
1.893026384042108656e+00,1.906817079857112462e+00,1.727491665564211631e+00
1.871865322032143730e+00,2.036900346867435374e+00,1.740691858808663728e+00
1.871865322032143730e+00,2.036900346867435374e+00,1.740691858808663728e+00
1.871865322032143730e+00,2.036900346867435374e+00,1.740691858808663728e+00
1.871865322032143730e+00,2.036900346867435374e+00,1.740691858808663728e+00
1.871865322032143730e+00,2.036900346867435374e+00,1.740691858808663728e+00
1.871865322032143730e+00,2.036900346867435374e+00,1.740691858808663728e+00
1.871865322032143730e+00,2.036900346867435374e+00,1.740691858808663728e+00
1.871865322032143730e+00,2.036900346867435374e+00,1.740691858808663728e+00
1.871865322032143730e+00,2.036900346867435374e+00,1.740691858808663728e+00
1.871865322032143730e+00,2.036900346867435374e+00,1.740691858808663728e+00
1.860743562817171348e+00,2.097019048481368220e+00,1.730032452705755119e+00
1.860743562817171348e+00,2.097019048481368220e+00,1.730032452705755119e+00
1.860743562817171348e+00,2.097019048481368220e+00,1.730032452705755119e+00
1.860743562817171348e+00,2.097019048481368220e+00,1.730032452705755119e+00
1.860743562817171348e+00,2.097019048481368220e+00,1.730032452705755119e+00
1.860743562817171348e+00,2.097019048481368220e+00,1.730032452705755119e+00
1.860743562817171348e+00,2.097019048481368220e+00,1.730032452705755119e+00
1.860743562817171348e+00,2.097019048481368220e+00,1.730032452705755119e+00
1.839610681762794409e+00,2.216271351622315144e+00,1.705913711095686125e+00
1.839610681762794409e+00,2.216271351622315144e+00,1.705913711095686125e+00
1.839610681762794409e+00,2.216271351622315144e+00,1.705913711095686125e+00
1.839610681762794409e+00,2.216271351622315144e+00,1.705913711095686125e+00
1.839610681762794409e+00,2.216271351622315144e+00,1.705913711095686125e+00
1.839610681762794409e+00,2.216271351622315144e+00,1.705913711095686125e+00
1.839610681762794409e+00,2.216271351622315144e+00,1.705913711095686125e+00
1.839610681762794409e+00,2.216271351622315144e+00,1.705913711095686125e+00
1.824596338222048919e+00,2.288478458743790522e+00,1.682651784528845118e+00
1.824596338222048919e+00,2.288478458743790522e+00,1.682651784528845118e+00
1.824596338222048919e+00,2.288478458743790522e+00,1.682651784528845118e+00
1.824596338222048919e+00,2.288478458743790522e+00,1.682651784528845118e+00
1.824596338222048919e+00,2.288478458743790522e+00,1.682651784528845118e+00
1.824596338222048919e+00,2.288478458743790522e+00,1.682651784528845118e+00
1.824596338222048919e+00,2.288478458743790522e+00,1.682651784528845118e+00
1.824596338222048919e+00,2.288478458743790522e+00,1.682651784528845118e+00
1.824596338222048919e+00,2.288478458743790522e+00,1.682651784528845118e+00
1.811050605583404804e+00,2.399464044217153091e+00,1.651593592618912698e+00
1.811050605583404804e+00,2.399464044217153091e+00,1.651593592618912698e+00
1.811050605583404804e+00,2.399464044217153091e+00,1.651593592618912698e+00
1.811050605583404804e+00,2.399464044217153091e+00,1.651593592618912698e+00
1.811050605583404804e+00,2.399464044217153091e+00,1.651593592618912698e+00
1.811050605583404804e+00,2.399464044217153091e+00,1.651593592618912698e+00
1.811050605583404804e+00,2.399464044217153091e+00,1.651593592618912698e+00
1.811050605583404804e+00,2.399464044217153091e+00,1.651593592618912698e+00
1.811050605583404804e+00,2.399464044217153091e+00,1.651593592618912698e+00
1.806149385231044624e+00,2.489286484667852406e+00,1.629088141174181326e+00
1.806149385231044624e+00,2.489286484667852406e+00,1.629088141174181326e+00
1.806149385231044624e+00,2.489286484667852406e+00,1.629088141174181326e+00
1.806149385231044624e+00,2.489286484667852406e+00,1.629088141174181326e+00
1.806149385231044624e+00,2.489286484667852406e+00,1.629088141174181326e+00
1.806149385231044624e+00,2.489286484667852406e+00,1.629088141174181326e+00
1.806149385231044624e+00,2.489286484667852406e+00,1.629088141174181326e+00
1.806149385231044624e+00,2.489286484667852406e+00,1.629088141174181326e+00
1.806149385231044624e+00,2.489286484667852406e+00,1.629088141174181326e+00
1.803880249665374302e+00,2.593641912038535224e+00,1.610465660114001940e+00
1.803880249665374302e+00,2.593641912038535224e+00,1.610465660114001940e+00
1.803880249665374302e+00,2.593641912038535224e+00,1.610465660114001940e+00
1.803880249665374302e+00,2.593641912038535224e+00,1.610465660114001940e+00
1.803880249665374302e+00,2.593641912038535224e+00,1.610465660114001940e+00
1.803880249665374302e+00,2.593641912038535224e+00,1.610465660114001940e+00
1.803880249665374302e+00,2.593641912038535224e+00,1.610465660114001940e+00
1.803880249665374302e+00,2.593641912038535224e+00,1.610465660114001940e+00
1.807578769777260286e+00,2.662728195709613388e+00,1.607578089894395212e+00
1.807578769777260286e+00,2.662728195709613388e+00,1.607578089894395212e+00
1.807578769777260286e+00,2.662728195709613388e+00,1.607578089894395212e+00
1.807578769777260286e+00,2.662728195709613388e+00,1.607578089894395212e+00
1.807578769777260286e+00,2.662728195709613388e+00,1.607578089894395212e+00
1.807578769777260286e+00,2.662728195709613388e+00,1.607578089894395212e+00
1.807578769777260286e+00,2.662728195709613388e+00,1.607578089894395212e+00
1.807578769777260286e+00,2.662728195709613388e+00,1.607578089894395212e+00
1.809188127452602934e+00,2.790917568039456231e+00,1.614167815912388004e+00
1.809188127452602934e+00,2.790917568039456231e+00,1.614167815912388004e+00
1.809188127452602934e+00,2.790917568039456231e+00,1.614167815912388004e+00
1.809188127452602934e+00,2.790917568039456231e+00,1.614167815912388004e+00
1.809188127452602934e+00,2.790917568039456231e+00,1.614167815912388004e+00
1.809188127452602934e+00,2.790917568039456231e+00,1.614167815912388004e+00
1.809188127452602934e+00,2.790917568039456231e+00,1.614167815912388004e+00
1.809188127452602934e+00,2.790917568039456231e+00,1.614167815912388004e+00
1.809188127452602934e+00,2.790917568039456231e+00,1.614167815912388004e+00
1.824735980246219524e+00,2.930160554651259908e+00,1.656616802983266412e+00
1.824735980246219524e+00,2.930160554651259908e+00,1.656616802983266412e+00
1.824735980246219524e+00,2.930160554651259908e+00,1.656616802983266412e+00
1.824735980246219524e+00,2.930160554651259908e+00,1.656616802983266412e+00
1.824735980246219524e+00,2.930160554651259908e+00,1.656616802983266412e+00
1.824735980246219524e+00,2.930160554651259908e+00,1.656616802983266412e+00
1.824735980246219524e+00,2.930160554651259908e+00,1.656616802983266412e+00
1.824735980246219524e+00,2.930160554651259908e+00,1.656616802983266412e+00
1.823431820808412152e+00,2.995548302715000055e+00,1.681961583530186655e+00
1.823431820808412152e+00,2.995548302715000055e+00,1.681961583530186655e+00
1.823431820808412152e+00,2.995548302715000055e+00,1.681961583530186655e+00
1.823431820808412152e+00,2.995548302715000055e+00,1.681961583530186655e+00
1.823431820808412152e+00,2.995548302715000055e+00,1.681961583530186655e+00
1.823431820808412152e+00,2.995548302715000055e+00,1.681961583530186655e+00
1.823431820808412152e+00,2.995548302715000055e+00,1.681961583530186655e+00
1.823431820808412152e+00,2.995548302715000055e+00,1.681961583530186655e+00
1.810795135314455573e+00,3.134813281707821808e+00,1.753340953849802153e+00
1.810795135314455573e+00,3.134813281707821808e+00,1.753340953849802153e+00
1.810795135314455573e+00,3.134813281707821808e+00,1.753340953849802153e+00
1.810795135314455573e+00,3.134813281707821808e+00,1.753340953849802153e+00
1.810795135314455573e+00,3.134813281707821808e+00,1.753340953849802153e+00
1.810795135314455573e+00,3.134813281707821808e+00,1.753340953849802153e+00
1.810795135314455573e+00,3.134813281707821808e+00,1.753340953849802153e+00
1.810795135314455573e+00,3.134813281707821808e+00,1.753340953849802153e+00
1.810795135314455573e+00,3.134813281707821808e+00,1.753340953849802153e+00
1.791728551554369275e+00,3.200416866184698339e+00,1.798959809889985495e+00
1.791728551554369275e+00,3.200416866184698339e+00,1.798959809889985495e+00
1.791728551554369275e+00,3.200416866184698339e+00,1.798959809889985495e+00
1.791728551554369275e+00,3.200416866184698339e+00,1.798959809889985495e+00
1.791728551554369275e+00,3.200416866184698339e+00,1.798959809889985495e+00
1.791728551554369275e+00,3.200416866184698339e+00,1.798959809889985495e+00
1.791728551554369275e+00,3.200416866184698339e+00,1.798959809889985495e+00
1.791728551554369275e+00,3.200416866184698339e+00,1.798959809889985495e+00
1.791728551554369275e+00,3.200416866184698339e+00,1.798959809889985495e+00
1.784316951211223135e+00,3.265220522563155203e+00,1.853474372103220524e+00
1.784316951211223135e+00,3.265220522563155203e+00,1.853474372103220524e+00
1.784316951211223135e+00,3.265220522563155203e+00,1.853474372103220524e+00
1.784316951211223135e+00,3.265220522563155203e+00,1.853474372103220524e+00
1.784316951211223135e+00,3.265220522563155203e+00,1.853474372103220524e+00
1.784316951211223135e+00,3.265220522563155203e+00,1.853474372103220524e+00
1.784316951211223135e+00,3.265220522563155203e+00,1.853474372103220524e+00
1.784316951211223135e+00,3.265220522563155203e+00,1.853474372103220524e+00
1.784316951211223135e+00,3.265220522563155203e+00,1.853474372103220524e+00
1.784316951211223135e+00,3.265220522563155203e+00,1.853474372103220524e+00
1.752753503953408787e+00,3.392314360435337406e+00,1.962188163422835974e+00
1.752753503953408787e+00,3.392314360435337406e+00,1.962188163422835974e+00
1.752753503953408787e+00,3.392314360435337406e+00,1.962188163422835974e+00
1.752753503953408787e+00,3.392314360435337406e+00,1.962188163422835974e+00
1.752753503953408787e+00,3.392314360435337406e+00,1.962188163422835974e+00
1.698556980625262280e+00,3.512494601737251809e+00,2.068267098690832029e+00
1.698556980625262280e+00,3.512494601737251809e+00,2.068267098690832029e+00
1.698556980625262280e+00,3.512494601737251809e+00,2.068267098690832029e+00
1.698556980625262280e+00,3.512494601737251809e+00,2.068267098690832029e+00
1.698556980625262280e+00,3.512494601737251809e+00,2.068267098690832029e+00
1.698556980625262280e+00,3.512494601737251809e+00,2.068267098690832029e+00
1.698556980625262280e+00,3.512494601737251809e+00,2.068267098690832029e+00
1.698556980625262280e+00,3.512494601737251809e+00,2.068267098690832029e+00
1.698556980625262280e+00,3.512494601737251809e+00,2.068267098690832029e+00
1.665194358786537432e+00,3.564639830787410091e+00,2.122355808193939097e+00
1.665194358786537432e+00,3.564639830787410091e+00,2.122355808193939097e+00
1.665194358786537432e+00,3.564639830787410091e+00,2.122355808193939097e+00
1.665194358786537432e+00,3.564639830787410091e+00,2.122355808193939097e+00
1.665194358786537432e+00,3.564639830787410091e+00,2.122355808193939097e+00
1.665194358786537432e+00,3.564639830787410091e+00,2.122355808193939097e+00
1.665194358786537432e+00,3.564639830787410091e+00,2.122355808193939097e+00
1.665194358786537432e+00,3.564639830787410091e+00,2.122355808193939097e+00
1.665194358786537432e+00,3.564639830787410091e+00,2.122355808193939097e+00
1.623661750731429709e+00,3.616729796298818744e+00,2.179371499287163338e+00
1.623661750731429709e+00,3.616729796298818744e+00,2.179371499287163338e+00
1.623661750731429709e+00,3.616729796298818744e+00,2.179371499287163338e+00
1.623661750731429709e+00,3.616729796298818744e+00,2.179371499287163338e+00
1.623661750731429709e+00,3.616729796298818744e+00,2.179371499287163338e+00
1.623661750731429709e+00,3.616729796298818744e+00,2.179371499287163338e+00
1.623661750731429709e+00,3.616729796298818744e+00,2.179371499287163338e+00
1.550239121112779950e+00,3.715706134190055909e+00,2.279470257062987670e+00
1.550239121112779950e+00,3.715706134190055909e+00,2.279470257062987670e+00
1.550239121112779950e+00,3.715706134190055909e+00,2.279470257062987670e+00
1.550239121112779950e+00,3.715706134190055909e+00,2.279470257062987670e+00
1.550239121112779950e+00,3.715706134190055909e+00,2.279470257062987670e+00
1.550239121112779950e+00,3.715706134190055909e+00,2.279470257062987670e+00
1.550239121112779950e+00,3.715706134190055909e+00,2.279470257062987670e+00
1.550239121112779950e+00,3.715706134190055909e+00,2.279470257062987670e+00
1.550239121112779950e+00,3.715706134190055909e+00,2.279470257062987670e+00
1.464758072708712167e+00,3.811437428468956945e+00,2.316145953313980765e+00
1.464758072708712167e+00,3.811437428468956945e+00,2.316145953313980765e+00
1.464758072708712167e+00,3.811437428468956945e+00,2.316145953313980765e+00
1.464758072708712167e+00,3.811437428468956945e+00,2.316145953313980765e+00
1.464758072708712167e+00,3.811437428468956945e+00,2.316145953313980765e+00
1.464758072708712167e+00,3.811437428468956945e+00,2.316145953313980765e+00
1.464758072708712167e+00,3.811437428468956945e+00,2.316145953313980765e+00
1.464758072708712167e+00,3.811437428468956945e+00,2.316145953313980765e+00
1.421127444590164268e+00,3.859551955205541507e+00,2.325383979950793822e+00
1.421127444590164268e+00,3.859551955205541507e+00,2.325383979950793822e+00
1.421127444590164268e+00,3.859551955205541507e+00,2.325383979950793822e+00
1.421127444590164268e+00,3.859551955205541507e+00,2.325383979950793822e+00
1.421127444590164268e+00,3.859551955205541507e+00,2.325383979950793822e+00
1.421127444590164268e+00,3.859551955205541507e+00,2.325383979950793822e+00
1.421127444590164268e+00,3.859551955205541507e+00,2.325383979950793822e+00
1.339495359821669229e+00,3.948893798815097611e+00,2.341499557672531484e+00
1.339495359821669229e+00,3.948893798815097611e+00,2.341499557672531484e+00
1.339495359821669229e+00,3.948893798815097611e+00,2.341499557672531484e+00
1.339495359821669229e+00,3.948893798815097611e+00,2.341499557672531484e+00
1.339495359821669229e+00,3.948893798815097611e+00,2.341499557672531484e+00
1.339495359821669229e+00,3.948893798815097611e+00,2.341499557672531484e+00
1.339495359821669229e+00,3.948893798815097611e+00,2.341499557672531484e+00
1.339495359821669229e+00,3.948893798815097611e+00,2.341499557672531484e+00
1.280505554992395600e+00,3.985871132235105030e+00,2.330479712192830899e+00
1.280505554992395600e+00,3.985871132235105030e+00,2.330479712192830899e+00
1.280505554992395600e+00,3.985871132235105030e+00,2.330479712192830899e+00
1.280505554992395600e+00,3.985871132235105030e+00,2.330479712192830899e+00
1.280505554992395600e+00,3.985871132235105030e+00,2.330479712192830899e+00
1.280505554992395600e+00,3.985871132235105030e+00,2.330479712192830899e+00
1.280505554992395600e+00,3.985871132235105030e+00,2.330479712192830899e+00
1.204437721637732661e+00,4.080966515856922605e+00,2.291174490921255025e+00
1.204437721637732661e+00,4.080966515856922605e+00,2.291174490921255025e+00
1.204437721637732661e+00,4.080966515856922605e+00,2.291174490921255025e+00
1.204437721637732661e+00,4.080966515856922605e+00,2.291174490921255025e+00
1.204437721637732661e+00,4.080966515856922605e+00,2.291174490921255025e+00
1.204437721637732661e+00,4.080966515856922605e+00,2.291174490921255025e+00
1.204437721637732661e+00,4.080966515856922605e+00,2.291174490921255025e+00
1.204437721637732661e+00,4.080966515856922605e+00,2.291174490921255025e+00
1.204437721637732661e+00,4.080966515856922605e+00,2.291174490921255025e+00
1.169127818010256670e+00,4.125997858593956735e+00,2.268736449522185339e+00
1.169127818010256670e+00,4.125997858593956735e+00,2.268736449522185339e+00
1.169127818010256670e+00,4.125997858593956735e+00,2.268736449522185339e+00
1.169127818010256670e+00,4.125997858593956735e+00,2.268736449522185339e+00
1.169127818010256670e+00,4.125997858593956735e+00,2.268736449522185339e+00
1.169127818010256670e+00,4.125997858593956735e+00,2.268736449522185339e+00
1.169127818010256670e+00,4.125997858593956735e+00,2.268736449522185339e+00
1.098376096417339021e+00,4.219085067019318736e+00,2.215404416338666582e+00
1.098376096417339021e+00,4.219085067019318736e+00,2.215404416338666582e+00
1.098376096417339021e+00,4.219085067019318736e+00,2.215404416338666582e+00
1.098376096417339021e+00,4.219085067019318736e+00,2.215404416338666582e+00
1.098376096417339021e+00,4.219085067019318736e+00,2.215404416338666582e+00
1.098376096417339021e+00,4.219085067019318736e+00,2.215404416338666582e+00
1.098376096417339021e+00,4.219085067019318736e+00,2.215404416338666582e+00
1.065222146849084117e+00,4.266168167188047811e+00,2.189260121833274564e+00
1.065222146849084117e+00,4.266168167188047811e+00,2.189260121833274564e+00
1.065222146849084117e+00,4.266168167188047811e+00,2.189260121833274564e+00
1.065222146849084117e+00,4.266168167188047811e+00,2.189260121833274564e+00
1.065222146849084117e+00,4.266168167188047811e+00,2.189260121833274564e+00
1.065222146849084117e+00,4.266168167188047811e+00,2.189260121833274564e+00
1.065222146849084117e+00,4.266168167188047811e+00,2.189260121833274564e+00
1.065222146849084117e+00,4.266168167188047811e+00,2.189260121833274564e+00
9.978939508722967089e-01,4.370336362723414858e+00,2.135565113919755120e+00
9.978939508722967089e-01,4.370336362723414858e+00,2.135565113919755120e+00
9.978939508722967089e-01,4.370336362723414858e+00,2.135565113919755120e+00
9.695968417545816065e-01,4.424161196843309440e+00,2.110286571722564730e+00
9.695968417545816065e-01,4.424161196843309440e+00,2.110286571722564730e+00
9.695968417545816065e-01,4.424161196843309440e+00,2.110286571722564730e+00
9.695968417545816065e-01,4.424161196843309440e+00,2.110286571722564730e+00
9.695968417545816065e-01,4.424161196843309440e+00,2.110286571722564730e+00
9.695968417545816065e-01,4.424161196843309440e+00,2.110286571722564730e+00
9.144221752583205909e-01,4.533731966766429089e+00,2.087839879743398797e+00
9.144221752583205909e-01,4.533731966766429089e+00,2.087839879743398797e+00
9.144221752583205909e-01,4.533731966766429089e+00,2.087839879743398797e+00
9.144221752583205909e-01,4.533731966766429089e+00,2.087839879743398797e+00
9.144221752583205909e-01,4.533731966766429089e+00,2.087839879743398797e+00
9.144221752583205909e-01,4.533731966766429089e+00,2.087839879743398797e+00
9.144221752583205909e-01,4.533731966766429089e+00,2.087839879743398797e+00
8.878115585288987033e-01,4.589194542961365642e+00,2.081143073915892483e+00
8.878115585288987033e-01,4.589194542961365642e+00,2.081143073915892483e+00
8.878115585288987033e-01,4.589194542961365642e+00,2.081143073915892483e+00
8.878115585288987033e-01,4.589194542961365642e+00,2.081143073915892483e+00
8.878115585288987033e-01,4.589194542961365642e+00,2.081143073915892483e+00
8.878115585288987033e-01,4.589194542961365642e+00,2.081143073915892483e+00
8.878115585288987033e-01,4.589194542961365642e+00,2.081143073915892483e+00
8.312416112943731283e-01,4.702492296085849510e+00,2.090791960019104945e+00
8.312416112943731283e-01,4.702492296085849510e+00,2.090791960019104945e+00
8.312416112943731283e-01,4.702492296085849510e+00,2.090791960019104945e+00
8.312416112943731283e-01,4.702492296085849510e+00,2.090791960019104945e+00
8.312416112943731283e-01,4.702492296085849510e+00,2.090791960019104945e+00
8.312416112943731283e-01,4.702492296085849510e+00,2.090791960019104945e+00
8.312416112943731283e-01,4.702492296085849510e+00,2.090791960019104945e+00
7.952786479540766562e-01,4.758485782244247453e+00,2.102266137825836267e+00
7.952786479540766562e-01,4.758485782244247453e+00,2.102266137825836267e+00
7.952786479540766562e-01,4.758485782244247453e+00,2.102266137825836267e+00
7.952786479540766562e-01,4.758485782244247453e+00,2.102266137825836267e+00
7.952786479540766562e-01,4.758485782244247453e+00,2.102266137825836267e+00
7.952786479540766562e-01,4.758485782244247453e+00,2.102266137825836267e+00
7.289254754877858566e-01,4.868711769566934855e+00,2.133343269695584077e+00
7.289254754877858566e-01,4.868711769566934855e+00,2.133343269695584077e+00
7.289254754877858566e-01,4.868711769566934855e+00,2.133343269695584077e+00
7.289254754877858566e-01,4.868711769566934855e+00,2.133343269695584077e+00
7.289254754877858566e-01,4.868711769566934855e+00,2.133343269695584077e+00
7.289254754877858566e-01,4.868711769566934855e+00,2.133343269695584077e+00
7.289254754877858566e-01,4.868711769566934855e+00,2.133343269695584077e+00
6.909292605583116087e-01,4.923822448125140028e+00,2.152440844706667189e+00
6.909292605583116087e-01,4.923822448125140028e+00,2.152440844706667189e+00
6.909292605583116087e-01,4.923822448125140028e+00,2.152440844706667189e+00
6.909292605583116087e-01,4.923822448125140028e+00,2.152440844706667189e+00
6.909292605583116087e-01,4.923822448125140028e+00,2.152440844706667189e+00
6.909292605583116087e-01,4.923822448125140028e+00,2.152440844706667189e+00
6.909292605583116087e-01,4.923822448125140028e+00,2.152440844706667189e+00
6.909292605583116087e-01,4.923822448125140028e+00,2.152440844706667189e+00
6.183594850046244540e-01,5.033037589026360337e+00,2.193694201761477114e+00
6.183594850046244540e-01,5.033037589026360337e+00,2.193694201761477114e+00
6.183594850046244540e-01,5.033037589026360337e+00,2.193694201761477114e+00
6.183594850046244540e-01,5.033037589026360337e+00,2.193694201761477114e+00
6.183594850046244540e-01,5.033037589026360337e+00,2.193694201761477114e+00
6.183594850046244540e-01,5.033037589026360337e+00,2.193694201761477114e+00
5.736367433328274368e-01,5.086663406149389388e+00,2.213582054828929557e+00
5.736367433328274368e-01,5.086663406149389388e+00,2.213582054828929557e+00
5.736367433328274368e-01,5.086663406149389388e+00,2.213582054828929557e+00
5.736367433328274368e-01,5.086663406149389388e+00,2.213582054828929557e+00
5.736367433328274368e-01,5.086663406149389388e+00,2.213582054828929557e+00
5.736367433328274368e-01,5.086663406149389388e+00,2.213582054828929557e+00
5.736367433328274368e-01,5.086663406149389388e+00,2.213582054828929557e+00
5.736367433328274368e-01,5.086663406149389388e+00,2.213582054828929557e+00
4.941408240934784812e-01,5.192114221225274662e+00,2.245200048461648112e+00
4.941408240934784812e-01,5.192114221225274662e+00,2.245200048461648112e+00
4.941408240934784812e-01,5.192114221225274662e+00,2.245200048461648112e+00
4.941408240934784812e-01,5.192114221225274662e+00,2.245200048461648112e+00
4.941408240934784812e-01,5.192114221225274662e+00,2.245200048461648112e+00
4.941408240934784812e-01,5.192114221225274662e+00,2.245200048461648112e+00
4.532281549393820663e-01,5.241560881415741058e+00,2.256677127232610491e+00
4.532281549393820663e-01,5.241560881415741058e+00,2.256677127232610491e+00
4.532281549393820663e-01,5.241560881415741058e+00,2.256677127232610491e+00
4.532281549393820663e-01,5.241560881415741058e+00,2.256677127232610491e+00
4.532281549393820663e-01,5.241560881415741058e+00,2.256677127232610491e+00
4.532281549393820663e-01,5.241560881415741058e+00,2.256677127232610491e+00
4.532281549393820663e-01,5.241560881415741058e+00,2.256677127232610491e+00
3.679603223884964636e-01,5.341574937729792971e+00,2.265700344013784839e+00
3.679603223884964636e-01,5.341574937729792971e+00,2.265700344013784839e+00
3.679603223884964636e-01,5.341574937729792971e+00,2.265700344013784839e+00
3.679603223884964636e-01,5.341574937729792971e+00,2.265700344013784839e+00
3.679603223884964636e-01,5.341574937729792971e+00,2.265700344013784839e+00
3.679603223884964636e-01,5.341574937729792971e+00,2.265700344013784839e+00
3.679603223884964636e-01,5.341574937729792971e+00,2.265700344013784839e+00
3.253551141454882334e-01,5.385011388423048828e+00,2.261702323975539386e+00
3.253551141454882334e-01,5.385011388423048828e+00,2.261702323975539386e+00
3.253551141454882334e-01,5.385011388423048828e+00,2.261702323975539386e+00
3.253551141454882334e-01,5.385011388423048828e+00,2.261702323975539386e+00
3.253551141454882334e-01,5.385011388423048828e+00,2.261702323975539386e+00
3.253551141454882334e-01,5.385011388423048828e+00,2.261702323975539386e+00
3.253551141454882334e-01,5.385011388423048828e+00,2.261702323975539386e+00
2.453652925475161561e-01,5.479915033319429973e+00,2.241696027076656605e+00
2.453652925475161561e-01,5.479915033319429973e+00,2.241696027076656605e+00
2.453652925475161561e-01,5.479915033319429973e+00,2.241696027076656605e+00
2.453652925475161561e-01,5.479915033319429973e+00,2.241696027076656605e+00
2.453652925475161561e-01,5.479915033319429973e+00,2.241696027076656605e+00
2.453652925475161561e-01,5.479915033319429973e+00,2.241696027076656605e+00
2.453652925475161561e-01,5.479915033319429973e+00,2.241696027076656605e+00
2.172671583502756298e-01,5.522697259415524584e+00,2.225173852175047262e+00
2.172671583502756298e-01,5.522697259415524584e+00,2.225173852175047262e+00
2.172671583502756298e-01,5.522697259415524584e+00,2.225173852175047262e+00
2.172671583502756298e-01,5.522697259415524584e+00,2.225173852175047262e+00
2.172671583502756298e-01,5.522697259415524584e+00,2.225173852175047262e+00
2.172671583502756298e-01,5.522697259415524584e+00,2.225173852175047262e+00
2.172671583502756298e-01,5.522697259415524584e+00,2.225173852175047262e+00
1.478356395093916031e-01,5.614346238093565589e+00,2.178215675654153749e+00
1.478356395093916031e-01,5.614346238093565589e+00,2.178215675654153749e+00
1.478356395093916031e-01,5.614346238093565589e+00,2.178215675654153749e+00
1.478356395093916031e-01,5.614346238093565589e+00,2.178215675654153749e+00
1.478356395093916031e-01,5.614346238093565589e+00,2.178215675654153749e+00
1.478356395093916031e-01,5.614346238093565589e+00,2.178215675654153749e+00
1.478356395093916031e-01,5.614346238093565589e+00,2.178215675654153749e+00
1.148057563309831247e-01,5.669410455818022498e+00,2.151330995311742100e+00
1.148057563309831247e-01,5.669410455818022498e+00,2.151330995311742100e+00
1.148057563309831247e-01,5.669410455818022498e+00,2.151330995311742100e+00
1.148057563309831247e-01,5.669410455818022498e+00,2.151330995311742100e+00
1.148057563309831247e-01,5.669410455818022498e+00,2.151330995311742100e+00
1.148057563309831247e-01,5.669410455818022498e+00,2.151330995311742100e+00
4.891697453054902334e-02,5.778820000876930152e+00,2.091272549664441982e+00
4.891697453054902334e-02,5.778820000876930152e+00,2.091272549664441982e+00
4.891697453054902334e-02,5.778820000876930152e+00,2.091272549664441982e+00
2.056414589149769753e-02,5.832682842235109355e+00,2.058572365776613289e+00
2.056414589149769753e-02,5.832682842235109355e+00,2.058572365776613289e+00
2.056414589149769753e-02,5.832682842235109355e+00,2.058572365776613289e+00
-2.829303093396318136e-02,5.945924940905897849e+00,1.994503176556591706e+00
-2.829303093396318136e-02,5.945924940905897849e+00,1.994503176556591706e+00
-2.829303093396318136e-02,5.945924940905897849e+00,1.994503176556591706e+00
-2.829303093396318136e-02,5.945924940905897849e+00,1.994503176556591706e+00
-2.829303093396318136e-02,5.945924940905897849e+00,1.994503176556591706e+00
-2.829303093396318136e-02,5.945924940905897849e+00,1.994503176556591706e+00
-4.958576502552215076e-02,6.002448472155345272e+00,1.964800568849661699e+00
-4.958576502552215076e-02,6.002448472155345272e+00,1.964800568849661699e+00
-4.958576502552215076e-02,6.002448472155345272e+00,1.964800568849661699e+00
-4.958576502552215076e-02,6.002448472155345272e+00,1.964800568849661699e+00
-4.958576502552215076e-02,6.002448472155345272e+00,1.964800568849661699e+00
-4.958576502552215076e-02,6.002448472155345272e+00,1.964800568849661699e+00
-8.535474750023945567e-02,6.115907294279494089e+00,1.906026759784243740e+00
-8.535474750023945567e-02,6.115907294279494089e+00,1.906026759784243740e+00
-8.535474750023945567e-02,6.115907294279494089e+00,1.906026759784243740e+00
-8.535474750023945567e-02,6.115907294279494089e+00,1.906026759784243740e+00
-8.535474750023945567e-02,6.115907294279494089e+00,1.906026759784243740e+00
-8.535474750023945567e-02,6.115907294279494089e+00,1.906026759784243740e+00
-8.535474750023945567e-02,6.115907294279494089e+00,1.906026759784243740e+00
-1.055587514690685402e-01,6.178817815854760198e+00,1.882096761195022783e+00
-1.055587514690685402e-01,6.178817815854760198e+00,1.882096761195022783e+00
-1.055587514690685402e-01,6.178817815854760198e+00,1.882096761195022783e+00
-1.055587514690685402e-01,6.178817815854760198e+00,1.882096761195022783e+00
-1.055587514690685402e-01,6.178817815854760198e+00,1.882096761195022783e+00
-1.055587514690685402e-01,6.178817815854760198e+00,1.882096761195022783e+00
-1.382028333982756318e-01,6.299071621818514544e+00,1.847528312613967882e+00
-1.382028333982756318e-01,6.299071621818514544e+00,1.847528312613967882e+00
-1.382028333982756318e-01,6.299071621818514544e+00,1.847528312613967882e+00
-1.382028333982756318e-01,6.299071621818514544e+00,1.847528312613967882e+00
-1.382028333982756318e-01,6.299071621818514544e+00,1.847528312613967882e+00
-1.382028333982756318e-01,6.299071621818514544e+00,1.847528312613967882e+00
-1.382028333982756318e-01,6.299071621818514544e+00,1.847528312613967882e+00
-1.382028333982756318e-01,6.299071621818514544e+00,1.847528312613967882e+00
-1.382028333982756318e-01,6.299071621818514544e+00,1.847528312613967882e+00
-1.570894521170479174e-01,6.357105100506723616e+00,1.842512527878500395e+00
-1.570894521170479174e-01,6.357105100506723616e+00,1.842512527878500395e+00
-1.570894521170479174e-01,6.357105100506723616e+00,1.842512527878500395e+00
-1.815568263501241564e-01,6.476830060766587849e+00,1.849318890407437355e+00
-1.815568263501241564e-01,6.476830060766587849e+00,1.849318890407437355e+00
-1.815568263501241564e-01,6.476830060766587849e+00,1.849318890407437355e+00
-1.815568263501241564e-01,6.476830060766587849e+00,1.849318890407437355e+00
-1.815568263501241564e-01,6.476830060766587849e+00,1.849318890407437355e+00
-1.815568263501241564e-01,6.476830060766587849e+00,1.849318890407437355e+00
-1.815568263501241564e-01,6.476830060766587849e+00,1.849318890407437355e+00
-2.062077421944356337e-01,6.581038693946697826e+00,1.858818245507764866e+00
-2.062077421944356337e-01,6.581038693946697826e+00,1.858818245507764866e+00
-2.062077421944356337e-01,6.581038693946697826e+00,1.858818245507764866e+00
-2.062077421944356337e-01,6.581038693946697826e+00,1.858818245507764866e+00
-2.318499913063633011e-01,6.664567365651429931e+00,1.869636686433078676e+00
-2.318499913063633011e-01,6.664567365651429931e+00,1.869636686433078676e+00
-2.318499913063633011e-01,6.664567365651429931e+00,1.869636686433078676e+00
-2.318499913063633011e-01,6.664567365651429931e+00,1.869636686433078676e+00
-2.318499913063633011e-01,6.664567365651429931e+00,1.869636686433078676e+00
-2.318499913063633011e-01,6.664567365651429931e+00,1.869636686433078676e+00
-2.518751285040280452e-01,6.728434085081127058e+00,1.875496462485236160e+00
-2.518751285040280452e-01,6.728434085081127058e+00,1.875496462485236160e+00
-2.518751285040280452e-01,6.728434085081127058e+00,1.875496462485236160e+00
-2.518751285040280452e-01,6.728434085081127058e+00,1.875496462485236160e+00
-2.518751285040280452e-01,6.728434085081127058e+00,1.875496462485236160e+00
-2.518751285040280452e-01,6.728434085081127058e+00,1.875496462485236160e+00
-2.518751285040280452e-01,6.728434085081127058e+00,1.875496462485236160e+00
-2.518751285040280452e-01,6.728434085081127058e+00,1.875496462485236160e+00
-2.518751285040280452e-01,6.728434085081127058e+00,1.875496462485236160e+00
-2.518751285040280452e-01,6.728434085081127058e+00,1.875496462485236160e+00
-2.842222704477311290e-01,6.848112073792526289e+00,1.885258527105312165e+00
-2.842222704477311290e-01,6.848112073792526289e+00,1.885258527105312165e+00
-2.842222704477311290e-01,6.848112073792526289e+00,1.885258527105312165e+00
-2.842222704477311290e-01,6.848112073792526289e+00,1.885258527105312165e+00
-3.037850877494814861e-01,6.908715381972064584e+00,1.882619429973899416e+00
-3.037850877494814861e-01,6.908715381972064584e+00,1.882619429973899416e+00
-3.037850877494814861e-01,6.908715381972064584e+00,1.882619429973899416e+00
-3.037850877494814861e-01,6.908715381972064584e+00,1.882619429973899416e+00
-3.037850877494814861e-01,6.908715381972064584e+00,1.882619429973899416e+00
-3.037850877494814861e-01,6.908715381972064584e+00,1.882619429973899416e+00
-3.400504535000304362e-01,7.023192507208849023e+00,1.860176993630336950e+00
-3.400504535000304362e-01,7.023192507208849023e+00,1.860176993630336950e+00
-3.400504535000304362e-01,7.023192507208849023e+00,1.860176993630336950e+00
-3.400504535000304362e-01,7.023192507208849023e+00,1.860176993630336950e+00
-3.400504535000304362e-01,7.023192507208849023e+00,1.860176993630336950e+00
-3.400504535000304362e-01,7.023192507208849023e+00,1.860176993630336950e+00
-3.400504535000304362e-01,7.023192507208849023e+00,1.860176993630336950e+00
-3.736604027607440814e-01,7.137787870187648487e+00,1.820180096429313332e+00
-3.736604027607440814e-01,7.137787870187648487e+00,1.820180096429313332e+00
-3.736604027607440814e-01,7.137787870187648487e+00,1.820180096429313332e+00
-3.736604027607440814e-01,7.137787870187648487e+00,1.820180096429313332e+00
-3.736604027607440814e-01,7.137787870187648487e+00,1.820180096429313332e+00
-3.736604027607440814e-01,7.137787870187648487e+00,1.820180096429313332e+00
-3.898820596797690219e-01,7.196512290547470769e+00,1.798123312546316743e+00
-3.898820596797690219e-01,7.196512290547470769e+00,1.798123312546316743e+00
-3.898820596797690219e-01,7.196512290547470769e+00,1.798123312546316743e+00
-3.898820596797690219e-01,7.196512290547470769e+00,1.798123312546316743e+00
-3.898820596797690219e-01,7.196512290547470769e+00,1.798123312546316743e+00
-3.898820596797690219e-01,7.196512290547470769e+00,1.798123312546316743e+00
-4.183054113340800573e-01,7.310092371000142641e+00,1.741367157533968646e+00
-4.183054113340800573e-01,7.310092371000142641e+00,1.741367157533968646e+00
-4.183054113340800573e-01,7.310092371000142641e+00,1.741367157533968646e+00
-4.183054113340800573e-01,7.310092371000142641e+00,1.741367157533968646e+00
-4.183054113340800573e-01,7.310092371000142641e+00,1.741367157533968646e+00
-4.183054113340800573e-01,7.310092371000142641e+00,1.741367157533968646e+00
-4.329962911209007670e-01,7.368863739015409031e+00,1.708677424677076173e+00
-4.329962911209007670e-01,7.368863739015409031e+00,1.708677424677076173e+00
-4.329962911209007670e-01,7.368863739015409031e+00,1.708677424677076173e+00
-4.329962911209007670e-01,7.368863739015409031e+00,1.708677424677076173e+00
-4.329962911209007670e-01,7.368863739015409031e+00,1.708677424677076173e+00
-4.329962911209007670e-01,7.368863739015409031e+00,1.708677424677076173e+00
-4.418766322978575078e-01,7.431290625303513586e+00,1.675474861467814325e+00
-4.418766322978575078e-01,7.431290625303513586e+00,1.675474861467814325e+00
-4.418766322978575078e-01,7.431290625303513586e+00,1.675474861467814325e+00
-4.418766322978575078e-01,7.431290625303513586e+00,1.675474861467814325e+00
-4.418766322978575078e-01,7.431290625303513586e+00,1.675474861467814325e+00
-4.418766322978575078e-01,7.431290625303513586e+00,1.675474861467814325e+00
-4.418766322978575078e-01,7.431290625303513586e+00,1.675474861467814325e+00
-4.553075303120482364e-01,7.550765263916861869e+00,1.608999403837700903e+00
-4.553075303120482364e-01,7.550765263916861869e+00,1.608999403837700903e+00
-4.553075303120482364e-01,7.550765263916861869e+00,1.608999403837700903e+00
-4.553075303120482364e-01,7.550765263916861869e+00,1.608999403837700903e+00
-4.553075303120482364e-01,7.550765263916861869e+00,1.608999403837700903e+00
-4.585689769898854129e-01,7.673153828679385668e+00,1.539174116351151866e+00
-4.585689769898854129e-01,7.673153828679385668e+00,1.539174116351151866e+00
-4.585689769898854129e-01,7.673153828679385668e+00,1.539174116351151866e+00
-4.585689769898854129e-01,7.673153828679385668e+00,1.539174116351151866e+00
-4.585689769898854129e-01,7.673153828679385668e+00,1.539174116351151866e+00
-4.573462048641011024e-01,7.741653941229978741e+00,1.504248652535981945e+00
-4.573462048641011024e-01,7.741653941229978741e+00,1.504248652535981945e+00
-4.573462048641011024e-01,7.741653941229978741e+00,1.504248652535981945e+00
-4.573462048641011024e-01,7.741653941229978741e+00,1.504248652535981945e+00
-4.573462048641011024e-01,7.741653941229978741e+00,1.504248652535981945e+00
-4.573462048641011024e-01,7.741653941229978741e+00,1.504248652535981945e+00
-4.462740702243329083e-01,7.861505557289112822e+00,1.448951418737423058e+00
-4.462740702243329083e-01,7.861505557289112822e+00,1.448951418737423058e+00
-4.462740702243329083e-01,7.861505557289112822e+00,1.448951418737423058e+00
-4.462740702243329083e-01,7.861505557289112822e+00,1.448951418737423058e+00
-4.462740702243329083e-01,7.861505557289112822e+00,1.448951418737423058e+00
-4.462740702243329083e-01,7.861505557289112822e+00,1.448951418737423058e+00
-4.382723917405254577e-01,7.929408637144771177e+00,1.428243698737672096e+00
-4.382723917405254577e-01,7.929408637144771177e+00,1.428243698737672096e+00
-4.382723917405254577e-01,7.929408637144771177e+00,1.428243698737672096e+00
-4.382723917405254577e-01,7.929408637144771177e+00,1.428243698737672096e+00
-4.382723917405254577e-01,7.929408637144771177e+00,1.428243698737672096e+00
-4.382723917405254577e-01,7.929408637144771177e+00,1.428243698737672096e+00
-4.214987128539273709e-01,8.033288902186495051e+00,1.400697488816705194e+00
-4.214987128539273709e-01,8.033288902186495051e+00,1.400697488816705194e+00
-4.214987128539273709e-01,8.033288902186495051e+00,1.400697488816705194e+00
-4.214987128539273709e-01,8.033288902186495051e+00,1.400697488816705194e+00
-4.214987128539273709e-01,8.033288902186495051e+00,1.400697488816705194e+00
-4.214987128539273709e-01,8.033288902186495051e+00,1.400697488816705194e+00
-4.039629082478240485e-01,8.112253899939302570e+00,1.378598720997869620e+00
-4.039629082478240485e-01,8.112253899939302570e+00,1.378598720997869620e+00
-4.039629082478240485e-01,8.112253899939302570e+00,1.378598720997869620e+00
-4.039629082478240485e-01,8.112253899939302570e+00,1.378598720997869620e+00
-4.039629082478240485e-01,8.112253899939302570e+00,1.378598720997869620e+00
-3.760612177075675633e-01,8.232471553117456153e+00,1.364458951277595311e+00
-3.760612177075675633e-01,8.232471553117456153e+00,1.364458951277595311e+00
-3.760612177075675633e-01,8.232471553117456153e+00,1.364458951277595311e+00
-3.760612177075675633e-01,8.232471553117456153e+00,1.364458951277595311e+00
-3.760612177075675633e-01,8.232471553117456153e+00,1.364458951277595311e+00
-3.760612177075675633e-01,8.232471553117456153e+00,1.364458951277595311e+00
-3.590257155056276184e-01,8.289888822525238510e+00,1.362180327981473926e+00
-3.590257155056276184e-01,8.289888822525238510e+00,1.362180327981473926e+00
-3.590257155056276184e-01,8.289888822525238510e+00,1.362180327981473926e+00
-3.590257155056276184e-01,8.289888822525238510e+00,1.362180327981473926e+00
-3.590257155056276184e-01,8.289888822525238510e+00,1.362180327981473926e+00
-3.590257155056276184e-01,8.289888822525238510e+00,1.362180327981473926e+00
-3.307948377359235526e-01,8.414234203636940634e+00,1.368000077409446957e+00
-3.307948377359235526e-01,8.414234203636940634e+00,1.368000077409446957e+00
-3.307948377359235526e-01,8.414234203636940634e+00,1.368000077409446957e+00
-3.307948377359235526e-01,8.414234203636940634e+00,1.368000077409446957e+00
-3.144611532991981040e-01,8.478821832956340288e+00,1.373003874010403358e+00
-3.144611532991981040e-01,8.478821832956340288e+00,1.373003874010403358e+00
-3.144611532991981040e-01,8.478821832956340288e+00,1.373003874010403358e+00
-3.144611532991981040e-01,8.478821832956340288e+00,1.373003874010403358e+00
-3.144611532991981040e-01,8.478821832956340288e+00,1.373003874010403358e+00
-3.144611532991981040e-01,8.478821832956340288e+00,1.373003874010403358e+00
-3.144611532991981040e-01,8.478821832956340288e+00,1.373003874010403358e+00
-2.904234335176253956e-01,8.591952756506447741e+00,1.382367414125045046e+00
-2.904234335176253956e-01,8.591952756506447741e+00,1.382367414125045046e+00
-2.904234335176253956e-01,8.591952756506447741e+00,1.382367414125045046e+00
-2.904234335176253956e-01,8.591952756506447741e+00,1.382367414125045046e+00
-2.904234335176253956e-01,8.591952756506447741e+00,1.382367414125045046e+00
-2.733476317173957892e-01,8.668335879795373344e+00,1.388765329585696984e+00
-2.733476317173957892e-01,8.668335879795373344e+00,1.388765329585696984e+00
-2.733476317173957892e-01,8.668335879795373344e+00,1.388765329585696984e+00
-2.733476317173957892e-01,8.668335879795373344e+00,1.388765329585696984e+00
-2.733476317173957892e-01,8.668335879795373344e+00,1.388765329585696984e+00
-2.733476317173957892e-01,8.668335879795373344e+00,1.388765329585696984e+00
-2.460861378054320925e-01,8.791449474760186789e+00,1.402377647760139512e+00
-2.460861378054320925e-01,8.791449474760186789e+00,1.402377647760139512e+00
-2.460861378054320925e-01,8.791449474760186789e+00,1.402377647760139512e+00
-2.460861378054320925e-01,8.791449474760186789e+00,1.402377647760139512e+00
-2.460861378054320925e-01,8.791449474760186789e+00,1.402377647760139512e+00
-2.460861378054320925e-01,8.791449474760186789e+00,1.402377647760139512e+00
-2.363920503849694932e-01,8.855393964455338107e+00,1.405915201391016112e+00
-2.363920503849694932e-01,8.855393964455338107e+00,1.405915201391016112e+00
-2.363920503849694932e-01,8.855393964455338107e+00,1.405915201391016112e+00
-2.363920503849694932e-01,8.855393964455338107e+00,1.405915201391016112e+00
-2.363920503849694932e-01,8.855393964455338107e+00,1.405915201391016112e+00
-2.204971025585205080e-01,8.982752765455925825e+00,1.404923857626549033e+00
-2.204971025585205080e-01,8.982752765455925825e+00,1.404923857626549033e+00
-2.204971025585205080e-01,8.982752765455925825e+00,1.404923857626549033e+00
-2.204971025585205080e-01,8.982752765455925825e+00,1.404923857626549033e+00
-2.204971025585205080e-01,8.982752765455925825e+00,1.404923857626549033e+00
-2.204971025585205080e-01,8.982752765455925825e+00,1.404923857626549033e+00
-2.120810369557527830e-01,9.046523207453242676e+00,1.402187454817831469e+00
-2.120810369557527830e-01,9.046523207453242676e+00,1.402187454817831469e+00
-2.120810369557527830e-01,9.046523207453242676e+00,1.402187454817831469e+00
-2.120810369557527830e-01,9.046523207453242676e+00,1.402187454817831469e+00
-2.120810369557527830e-01,9.046523207453242676e+00,1.402187454817831469e+00
-2.120810369557527830e-01,9.046523207453242676e+00,1.402187454817831469e+00
-2.120810369557527830e-01,9.046523207453242676e+00,1.402187454817831469e+00
-1.930869385771646352e-01,9.169820097605350995e+00,1.384465796801988224e+00
-1.930869385771646352e-01,9.169820097605350995e+00,1.384465796801988224e+00
-1.930869385771646352e-01,9.169820097605350995e+00,1.384465796801988224e+00
-1.930869385771646352e-01,9.169820097605350995e+00,1.384465796801988224e+00
-1.930869385771646352e-01,9.169820097605350995e+00,1.384465796801988224e+00
-1.930869385771646352e-01,9.169820097605350995e+00,1.384465796801988224e+00
-1.816744855655851310e-01,9.230557301155087657e+00,1.373334758847683412e+00
-1.816744855655851310e-01,9.230557301155087657e+00,1.373334758847683412e+00
-1.816744855655851310e-01,9.230557301155087657e+00,1.373334758847683412e+00
-1.816744855655851310e-01,9.230557301155087657e+00,1.373334758847683412e+00
-1.816744855655851310e-01,9.230557301155087657e+00,1.373334758847683412e+00
-1.816744855655851310e-01,9.230557301155087657e+00,1.373334758847683412e+00
-1.504649405996095757e-01,9.354089957015297330e+00,1.341066361186264544e+00
-1.504649405996095757e-01,9.354089957015297330e+00,1.341066361186264544e+00
-1.504649405996095757e-01,9.354089957015297330e+00,1.341066361186264544e+00
-1.504649405996095757e-01,9.354089957015297330e+00,1.341066361186264544e+00
-1.504649405996095757e-01,9.354089957015297330e+00,1.341066361186264544e+00
-1.504649405996095757e-01,9.354089957015297330e+00,1.341066361186264544e+00
-1.362365918985842250e-01,9.413183062351860642e+00,1.322356909388533230e+00
-1.362365918985842250e-01,9.413183062351860642e+00,1.322356909388533230e+00
-1.362365918985842250e-01,9.413183062351860642e+00,1.322356909388533230e+00
-1.362365918985842250e-01,9.413183062351860642e+00,1.322356909388533230e+00
-1.362365918985842250e-01,9.413183062351860642e+00,1.322356909388533230e+00
-1.044630176980878844e-01,9.532160215917498292e+00,1.276442058095371479e+00
-1.044630176980878844e-01,9.532160215917498292e+00,1.276442058095371479e+00
-1.044630176980878844e-01,9.532160215917498292e+00,1.276442058095371479e+00
-1.044630176980878844e-01,9.532160215917498292e+00,1.276442058095371479e+00
-1.044630176980878844e-01,9.532160215917498292e+00,1.276442058095371479e+00
-1.044630176980878844e-01,9.532160215917498292e+00,1.276442058095371479e+00
-9.003714887948405243e-02,9.597633488524882850e+00,1.250222868501789986e+00
-9.003714887948405243e-02,9.597633488524882850e+00,1.250222868501789986e+00
-9.003714887948405243e-02,9.597633488524882850e+00,1.250222868501789986e+00
-9.003714887948405243e-02,9.597633488524882850e+00,1.250222868501789986e+00
-9.003714887948405243e-02,9.597633488524882850e+00,1.250222868501789986e+00
-9.003714887948405243e-02,9.597633488524882850e+00,1.250222868501789986e+00
-9.003714887948405243e-02,9.597633488524882850e+00,1.250222868501789986e+00
-4.642846889312748915e-02,9.721093744965664030e+00,1.198854015665989481e+00
-4.642846889312748915e-02,9.721093744965664030e+00,1.198854015665989481e+00
-4.642846889312748915e-02,9.721093744965664030e+00,1.198854015665989481e+00
-4.642846889312748915e-02,9.721093744965664030e+00,1.198854015665989481e+00
-4.642846889312748915e-02,9.721093744965664030e+00,1.198854015665989481e+00
-2.457629169520846729e-02,9.780708957612196386e+00,1.172127616841246667e+00
-2.457629169520846729e-02,9.780708957612196386e+00,1.172127616841246667e+00
-2.457629169520846729e-02,9.780708957612196386e+00,1.172127616841246667e+00
-2.457629169520846729e-02,9.780708957612196386e+00,1.172127616841246667e+00
-2.457629169520846729e-02,9.780708957612196386e+00,1.172127616841246667e+00
-2.457629169520846729e-02,9.780708957612196386e+00,1.172127616841246667e+00
2.528864111622671981e-02,9.891519474263370526e+00,1.130209613540016367e+00
2.528864111622671981e-02,9.891519474263370526e+00,1.130209613540016367e+00
2.528864111622671981e-02,9.891519474263370526e+00,1.130209613540016367e+00
2.528864111622671981e-02,9.891519474263370526e+00,1.130209613540016367e+00
2.528864111622671981e-02,9.891519474263370526e+00,1.130209613540016367e+00
2.528864111622671981e-02,9.891519474263370526e+00,1.130209613540016367e+00
5.278283220532595243e-02,9.943688203907228740e+00,1.114826687307935771e+00
5.278283220532595243e-02,9.943688203907228740e+00,1.114826687307935771e+00
5.278283220532595243e-02,9.943688203907228740e+00,1.114826687307935771e+00
5.278283220532595243e-02,9.943688203907228740e+00,1.114826687307935771e+00
1.075665365021577502e-01,1.004658590619892422e+01,1.095292020579938352e+00
1.075665365021577502e-01,1.004658590619892422e+01,1.095292020579938352e+00
1.075665365021577502e-01,1.004658590619892422e+01,1.095292020579938352e+00
1.075665365021577502e-01,1.004658590619892422e+01,1.095292020579938352e+00
1.075665365021577502e-01,1.004658590619892422e+01,1.095292020579938352e+00
1.393940119662670785e-01,1.010033072727788728e+01,1.081125803830620402e+00
1.393940119662670785e-01,1.010033072727788728e+01,1.081125803830620402e+00
1.393940119662670785e-01,1.010033072727788728e+01,1.081125803830620402e+00
1.393940119662670785e-01,1.010033072727788728e+01,1.081125803830620402e+00
1.393940119662670785e-01,1.010033072727788728e+01,1.081125803830620402e+00
1.393940119662670785e-01,1.010033072727788728e+01,1.081125803830620402e+00
1.926116364811580606e-01,1.019497221443163504e+01,1.062211237117968166e+00
1.926116364811580606e-01,1.019497221443163504e+01,1.062211237117968166e+00
1.926116364811580606e-01,1.019497221443163504e+01,1.062211237117968166e+00
1.926116364811580606e-01,1.019497221443163504e+01,1.062211237117968166e+00
1.926116364811580606e-01,1.019497221443163504e+01,1.062211237117968166e+00
2.247396289679485792e-01,1.024505126257558452e+01,1.057709590502490915e+00
2.247396289679485792e-01,1.024505126257558452e+01,1.057709590502490915e+00
2.247396289679485792e-01,1.024505126257558452e+01,1.057709590502490915e+00
2.247396289679485792e-01,1.024505126257558452e+01,1.057709590502490915e+00
2.247396289679485792e-01,1.024505126257558452e+01,1.057709590502490915e+00
2.847586100611802506e-01,1.034535258876895547e+01,1.054141479284819383e+00
2.847586100611802506e-01,1.034535258876895547e+01,1.054141479284819383e+00
2.847586100611802506e-01,1.034535258876895547e+01,1.054141479284819383e+00
2.847586100611802506e-01,1.034535258876895547e+01,1.054141479284819383e+00
2.847586100611802506e-01,1.034535258876895547e+01,1.054141479284819383e+00
2.847586100611802506e-01,1.034535258876895547e+01,1.054141479284819383e+00
3.203249258651313935e-01,1.040762509986757500e+01,1.055219787898309169e+00
3.203249258651313935e-01,1.040762509986757500e+01,1.055219787898309169e+00
3.203249258651313935e-01,1.040762509986757500e+01,1.055219787898309169e+00
3.203249258651313935e-01,1.040762509986757500e+01,1.055219787898309169e+00
3.203249258651313935e-01,1.040762509986757500e+01,1.055219787898309169e+00
3.770317776764854911e-01,1.049965327483106137e+01,1.069893564365407723e+00
3.770317776764854911e-01,1.049965327483106137e+01,1.069893564365407723e+00
3.770317776764854911e-01,1.049965327483106137e+01,1.069893564365407723e+00
3.770317776764854911e-01,1.049965327483106137e+01,1.069893564365407723e+00
3.770317776764854911e-01,1.049965327483106137e+01,1.069893564365407723e+00
4.079110911101583303e-01,1.055647331275967638e+01,1.081256468371820434e+00
4.079110911101583303e-01,1.055647331275967638e+01,1.081256468371820434e+00
4.079110911101583303e-01,1.055647331275967638e+01,1.081256468371820434e+00
4.079110911101583303e-01,1.055647331275967638e+01,1.081256468371820434e+00
4.079110911101583303e-01,1.055647331275967638e+01,1.081256468371820434e+00
4.657706612881573616e-01,1.066578679998768209e+01,1.102593908634045272e+00
4.657706612881573616e-01,1.066578679998768209e+01,1.102593908634045272e+00
4.657706612881573616e-01,1.066578679998768209e+01,1.102593908634045272e+00
4.657706612881573616e-01,1.066578679998768209e+01,1.102593908634045272e+00
4.657706612881573616e-01,1.066578679998768209e+01,1.102593908634045272e+00
4.931154224087244131e-01,1.072165030329718149e+01,1.110716750608869097e+00
4.931154224087244131e-01,1.072165030329718149e+01,1.110716750608869097e+00
4.931154224087244131e-01,1.072165030329718149e+01,1.110716750608869097e+00
4.931154224087244131e-01,1.072165030329718149e+01,1.110716750608869097e+00
4.931154224087244131e-01,1.072165030329718149e+01,1.110716750608869097e+00
5.495732828757942112e-01,1.083581489856561397e+01,1.123708061721303553e+00
5.495732828757942112e-01,1.083581489856561397e+01,1.123708061721303553e+00
5.495732828757942112e-01,1.083581489856561397e+01,1.123708061721303553e+00
5.495732828757942112e-01,1.083581489856561397e+01,1.123708061721303553e+00
5.495732828757942112e-01,1.083581489856561397e+01,1.123708061721303553e+00
5.495732828757942112e-01,1.083581489856561397e+01,1.123708061721303553e+00
5.972166886089120830e-01,1.093660108490832172e+01,1.124818418198740844e+00
5.972166886089120830e-01,1.093660108490832172e+01,1.124818418198740844e+00
5.972166886089120830e-01,1.093660108490832172e+01,1.124818418198740844e+00
5.972166886089120830e-01,1.093660108490832172e+01,1.124818418198740844e+00
5.972166886089120830e-01,1.093660108490832172e+01,1.124818418198740844e+00
6.275117302429141786e-01,1.100501733292530560e+01,1.121213971729838166e+00
6.275117302429141786e-01,1.100501733292530560e+01,1.121213971729838166e+00
6.275117302429141786e-01,1.100501733292530560e+01,1.121213971729838166e+00
6.275117302429141786e-01,1.100501733292530560e+01,1.121213971729838166e+00
6.275117302429141786e-01,1.100501733292530560e+01,1.121213971729838166e+00
6.275117302429141786e-01,1.100501733292530560e+01,1.121213971729838166e+00
6.553869327348682550e-01,1.106212942770583041e+01,1.115471503290778932e+00
6.553869327348682550e-01,1.106212942770583041e+01,1.115471503290778932e+00
6.553869327348682550e-01,1.106212942770583041e+01,1.115471503290778932e+00
6.553869327348682550e-01,1.106212942770583041e+01,1.115471503290778932e+00
6.553869327348682550e-01,1.106212942770583041e+01,1.115471503290778932e+00
7.111191997235261075e-01,1.117499849630264031e+01,1.098289925024612756e+00
7.111191997235261075e-01,1.117499849630264031e+01,1.098289925024612756e+00
7.111191997235261075e-01,1.117499849630264031e+01,1.098289925024612756e+00
7.111191997235261075e-01,1.117499849630264031e+01,1.098289925024612756e+00
7.111191997235261075e-01,1.117499849630264031e+01,1.098289925024612756e+00
7.111191997235261075e-01,1.117499849630264031e+01,1.098289925024612756e+00
7.111191997235261075e-01,1.117499849630264031e+01,1.098289925024612756e+00
7.111191997235261075e-01,1.117499849630264031e+01,1.098289925024612756e+00
7.706421314378657517e-01,1.128971816545794660e+01,1.070601581763565235e+00
7.706421314378657517e-01,1.128971816545794660e+01,1.070601581763565235e+00
7.706421314378657517e-01,1.128971816545794660e+01,1.070601581763565235e+00
8.025074591265402013e-01,1.134785815986856150e+01,1.051579633204374087e+00
8.025074591265402013e-01,1.134785815986856150e+01,1.051579633204374087e+00
8.025074591265402013e-01,1.134785815986856150e+01,1.051579633204374087e+00
8.025074591265402013e-01,1.134785815986856150e+01,1.051579633204374087e+00
8.025074591265402013e-01,1.134785815986856150e+01,1.051579633204374087e+00
8.025074591265402013e-01,1.134785815986856150e+01,1.051579633204374087e+00
8.426477947923272094e-01,1.142087330438471504e+01,1.024564644529028845e+00
8.426477947923272094e-01,1.142087330438471504e+01,1.024564644529028845e+00
8.426477947923272094e-01,1.142087330438471504e+01,1.024564644529028845e+00
8.426477947923272094e-01,1.142087330438471504e+01,1.024564644529028845e+00
8.426477947923272094e-01,1.142087330438471504e+01,1.024564644529028845e+00
8.864886396010835945e-01,1.149306004676217086e+01,9.994180762477083979e-01
8.864886396010835945e-01,1.149306004676217086e+01,9.994180762477083979e-01
8.864886396010835945e-01,1.149306004676217086e+01,9.994180762477083979e-01
8.864886396010835945e-01,1.149306004676217086e+01,9.994180762477083979e-01
8.864886396010835945e-01,1.149306004676217086e+01,9.994180762477083979e-01
9.242175951642266352e-01,1.155073337541721124e+01,9.795049803132758193e-01
9.242175951642266352e-01,1.155073337541721124e+01,9.795049803132758193e-01
9.242175951642266352e-01,1.155073337541721124e+01,9.795049803132758193e-01
9.242175951642266352e-01,1.155073337541721124e+01,9.795049803132758193e-01
9.242175951642266352e-01,1.155073337541721124e+01,9.795049803132758193e-01
9.349550195131659525e-01,1.156609855002450082e+01,9.727477566545855714e-01
9.349550195131659525e-01,1.156609855002450082e+01,9.727477566545855714e-01
9.349550195131659525e-01,1.156609855002450082e+01,9.727477566545855714e-01
9.349550195131659525e-01,1.156609855002450082e+01,9.727477566545855714e-01
9.349550195131659525e-01,1.156609855002450082e+01,9.727477566545855714e-01
9.349550195131659525e-01,1.156609855002450082e+01,9.727477566545855714e-01
9.509507440955665691e-01,1.158348055282025690e+01,9.655637997574049169e-01
9.509507440955665691e-01,1.158348055282025690e+01,9.655637997574049169e-01
9.509507440955665691e-01,1.158348055282025690e+01,9.655637997574049169e-01
9.509507440955665691e-01,1.158348055282025690e+01,9.655637997574049169e-01
9.509507440955665691e-01,1.158348055282025690e+01,9.655637997574049169e-01
9.509507440955665691e-01,1.158348055282025690e+01,9.655637997574049169e-01
9.509507440955665691e-01,1.158348055282025690e+01,9.655637997574049169e-01
9.509507440955665691e-01,1.158348055282025690e+01,9.655637997574049169e-01
9.509507440955665691e-01,1.158348055282025690e+01,9.655637997574049169e-01
9.509507440955665691e-01,1.158348055282025690e+01,9.655637997574049169e-01
9.615593103186367285e-01,1.159341994511112084e+01,9.633553637843706996e-01
